borrower_id,name,email,phone
1,Aimee Martinez,christy44@example.org,1083845587
24,Katrina Gibson,sean62@example.net,6775683276
16,Sandy Santiago,cliffordharvey@example.com,3352521191
12,Robert Marsh,savagetyler@example.org,6776681705
17,Craig Caldwell,matthewballard@example.net,0352668440
21,James Daniels,guzmanmark@example.com,7838105718
18,Melissa Mcdaniel,ufranklin@example.org,8666098560
8,Benjamin Hogan,warnerchristine@example.com,1118130763
5,Douglas Conway,lorisampson@example.com,1385257400
20,Melissa Byrd,combsamy@example.org,5419490793
10,Robert Jenkins,vmiles@example.net,3674369796
13,  Brittany Smith  ,caitlinjones@example.org,3599663531
28,Christopher Stephens,laurenlewis@example.com,0795049344
2,John Ramirez,omelendez@example.com,3376490223
30,Gordon Hurst,ashley51@example.net,1650476881
3,,carla42@example.org,3364523115
4,Jennifer Garcia,mathewsjonathan@example.net,8664855933
22,Melissa Oliver,nicole23@example.net,0258712468
7,Wendy Stephens,noahhunter@example.net,4958980696
5,Douglas Conway,lorisampson@example.com,1385257400
29,Brandon Lopez,ashleymoore@example.com,9691016209
11,John Burns,piercerussell@example.org,4445763557
14,Marc Rice,htucker@example.org,7057795070
23,Dr. Stephanie Cain,emartinez@example.org,7981116323
6,,luissmith@example.com,2877350183
25,Martha Haynes,rtodd@example.net,5456152014
1,Aimee Martinez,christy44@example.org,1083845587
26,Timothy Lewis,qmcgee@example.net,1423663171
9,  Justin Graham  ,alexis32@example.org,7072843892
19,Hector Henson,wellsandrew@example.org,6696858916
2,John Ramirez,omelendez@example.com,3376490223
15,Erica Simon,adambarnes@example.net,5417379470
27,Jerry Hamilton,courtney99@example.net,0900203116
